<?xml version="1.0" encoding="UTF-8"?>
<!DOCTYPE mapper PUBLIC "-//mybatis.org//DTD Mapper 3.0//EN" "http://mybatis.org/dtd/mybatis-3-mapper.dtd">

<mapper namespace="com.example.demo.domain.mapper.UserMapper">

    <!-- 회원 등록 -->
    <insert id="Insert_xml" parameterType="com.example.demo.domain.dto.UserDto">
        <selectKey keyProperty="id" order="AFTER" resultType="int">
            select max(id) from users
        </selectKey>
        insert into users (name, email, birth_date)
        values (#{name}, #{email}, #{birthDate})
    </insert>

    <!-- 회원 정보 수정 -->
    <update id="Update_xml" parameterType="com.example.demo.domain.dto.UserDto">
        update users set name=#{name}, email=#{email}, birth_date=#{birthDate} where id=#{id}
    </update>

    <!-- 회원 삭제 -->
    <delete id="Delete_xml" parameterType="int">
        delete from users where id=#{id}
    </delete>

    <!-- 특정 회원 정보 조회 -->
    <select id="SelectOne_xml" parameterType="int" resultType="com.example.demo.domain.dto.UserDto">
        select * from users where id=#{id}
    </select>

    <!-- 모든 회원 정보 조회 -->
    <select id="SelectAll_xml_1" resultType="com.example.demo.domain.dto.UserDto">
        select * from users
    </select>

    <!-- Map을 반환하는 모든 회원 조회 -->
    <select id="SelectAll_xml_2" resultType="java.util.Map">
        select * from users
    </select>

    <!-- ResultMap을 이용한 회원 정보 조회 -->
    <resultMap type="com.example.demo.domain.dto.UserDto" id="UserResultMap">
        <id property="id" column="id"/>
        <result property="name" column="name"/>
        <result property="email" column="email"/>
        <result property="birthDate" column="birth_date"/>
    </resultMap>

    <!-- ResultMap을 사용하여 회원 정보 조회 -->
    <select id="SelectAll_xml_3" resultMap="UserResultMap">
        select id, name, email, birth_date from users
    </select>

    <!-- 조건에 따라 회원 정보 조회 -->
    <select id="Select_if_xml" parameterType="java.util.Map" resultType="java.util.Map">
        select * from users
        <if test="type!=null and type.equals('name')">
            where name like concat('%',#{keyword},'%')
        </if>
        <if test="type!=null and type.equals('email')">
            where email like concat('%',#{keyword},'%')
        </if>
    </select>

    <!-- 복잡한 조건을 가진 회원 정보 조회 -->
    <select id="Select_when_xml" parameterType="java.util.Map" resultType="java.util.Map">
        select * from users
        <if test="type!=null">
            where
            <choose>
                <when test="type.equals('name')">
                    name like concat('%',#{keyword},'%')
                </when>
                <when test="type.equals('email')">
                    email like concat('%',#{keyword},'%')
                </when>
                <otherwise>
                    birth_date &lt;= #{keyword}
                </otherwise>
            </choose>
        </if>
    </select>

</mapper>
